Property ID,Price 2019 (AED/sqft),Price 2020 (AED/sqft),Price 2021 (AED/sqft),Price 2022 (AED/sqft),Price 2023 (AED/sqft),Price 2024 (AED/sqft),1,2,3,4,5
P0001,603.51,621.61,640.26,659.47,679.25,699.63
P0002,1001.12,1031.15,1062.09,1093.95,1126.77,1160.57
P0003,850.19,875.69,901.96,929.02,956.89,985.6
P0004,758.17,780.92,804.35,828.48,853.33,878.93,,,,,
P0005,452.71,466.29,480.28,494.68,509.52,524.81,,,,,
P0006,452.7,466.28,480.27,494.67,509.51,524.8,,,,,
P0007,385.13,396.68,408.58,420.84,433.47,446.47,,,,,
P0008,942.78,971.06,1000.19,1030.2,1061.11,1092.94,,,,,
P0009,759.86,782.66,806.14,830.32,855.23,880.89,,,,,
P0010,833.68,858.69,884.45,910.98,938.31,966.46,,,,,
P0011,359.25,370.03,381.13,392.56,404.34,416.47,,,,,
P0012,1014.37,1044.8,1076.14,1108.43,1141.68,1175.93,,,,,
P0013,919.5,947.08,975.5,1004.76,1034.9,1065.95,,,,,
P0014,491.57,506.32,521.51,537.16,553.27,569.87,,,,,
P0015,470.52,484.63,499.17,514.15,529.57,545.46,,,,,
P0016,471.61,485.75,500.33,515.34,530.8,546.72,,,,,
P0017,554.99,571.64,588.79,606.46,624.65,643.39,,,,,
P0018,707.18,728.39,750.24,772.75,795.93,819.81,,,,,
P0019,643.13,662.42,682.29,702.76,723.84,745.56,,,,,
P0020,546.01,562.39,579.27,596.64,614.54,632.98,,,,,
P0021,767.27,790.29,814,838.42,863.57,889.48,,,,,
P0022,441.31,454.55,468.19,482.23,496.7,511.6,,,,,
P0023,546.65,563.05,579.94,597.34,615.26,633.72,,,,,
P0024,597.87,615.8,634.28,653.3,672.9,693.09,,,,,
P0025,659.77,679.57,699.96,720.95,742.58,764.86,,,,,
P0026,886.88,913.49,940.89,969.12,998.19,1028.14,,,,,
P0027,482.84,497.32,512.24,527.61,543.44,559.74,,,,,
P0028,699.91,720.91,742.54,764.81,787.76,811.39,,,,,
P0029,753.86,776.48,799.77,823.76,848.48,873.93,,,,,
P0030,377.1,388.41,400.06,412.07,424.43,437.16,,,,,
P0031,764.31,787.24,810.85,835.18,860.23,886.04,,,,,
P0032,462.72,476.6,490.9,505.63,520.8,536.42,,,,,
P0033,389.93,401.63,413.68,426.09,438.87,452.04,,,,,
P0034,999.86,1029.85,1060.75,1092.57,1125.35,1159.11,,,,,
P0035,1011.42,1041.76,1073.01,1105.2,1138.36,1172.51,,,,,
P0036,902.91,930,957.9,986.63,1016.23,1046.72,,,,,
P0037,555.25,571.91,589.07,606.74,624.94,643.69,,,,,
P0038,412.45,424.82,437.57,450.69,464.21,478.14,,,,,
P0039,817.23,841.74,867,893.01,919.8,947.39,,,,,
P0040,648.79,668.25,688.3,708.95,730.21,752.12,,,,,
P0041,429.26,442.14,455.4,469.06,483.14,497.63,,,,,
P0042,686.76,707.36,728.58,750.44,772.95,796.14,,,,,
P0043,368.77,379.84,391.23,402.97,415.06,427.51,,,,,
P0044,972.56,1001.73,1031.79,1062.74,1094.62,1127.46,,,,,
P0045,523.62,539.33,555.51,572.17,589.34,607.02,,,,,
P0046,802.24,826.31,851.1,876.63,902.93,930.02,,,,,
P0047,560.15,576.96,594.27,612.09,630.46,649.37,,,,,
P0048,703.93,725.05,746.8,769.21,792.28,816.05,,,,,
P0049,722.32,743.99,766.31,789.3,812.98,837.37,,,,,
P0050,472.61,486.78,501.39,516.43,531.92,547.88,,,,,
P0051,1014.14,1044.57,1075.9,1108.18,1141.43,1175.67,,,,,
P0052,879.96,906.35,933.55,961.55,990.4,1020.11,,,,,
P0053,993.38,1023.18,1053.88,1085.49,1118.06,1151.6,,,,,
P0054,962.55,991.43,1021.17,1051.81,1083.36,1115.86,,,,,
P0055,757.65,780.38,803.79,827.9,852.74,878.32,,,,,
P0056,981.22,1010.65,1040.97,1072.2,1104.37,1137.5,,,,,
P0057,406.11,418.29,430.84,443.76,457.08,470.79,,,,,
P0058,480.29,494.7,509.54,524.83,540.57,556.79,,,,,
P0059,376.25,387.54,399.17,411.14,423.48,436.18,,,,,
P0060,569.55,586.63,604.23,622.36,641.03,660.26,,,,,
P0061,613.26,631.66,650.61,670.13,690.23,710.94,,,,,
P0062,532.3,548.27,564.72,581.66,599.11,617.08,,,,,
P0063,916.94,944.45,972.79,1001.97,1032.03,1062.99,,,,,
P0064,591.23,608.97,627.24,646.06,665.44,685.4,,,,,
P0065,538.91,555.08,571.73,588.89,606.55,624.75,,,,,
P0066,719.55,741.14,763.37,786.28,809.86,834.16,,,,,
P0067,442.29,455.56,469.23,483.31,497.81,512.74,,,,,
P0068,898.63,925.59,953.36,981.96,1011.42,1041.76,,,,,
P0069,396.49,408.38,420.64,433.25,446.25,459.64,,,,,
P0070,1026.08,1056.86,1088.57,1121.23,1154.86,1189.51,,,,,
P0071,877.96,904.3,931.43,959.37,988.16,1017.8,,,,,
P0072,482.17,496.64,511.54,526.88,542.69,558.97,,,,,
P0073,348.86,359.32,370.1,381.2,392.64,404.42,,,,,
P0074,907.78,935.02,963.07,991.96,1021.72,1052.37,,,,,
P0075,832.84,857.83,883.56,910.07,937.37,965.49,,,,,
P0076,848.13,873.57,899.78,926.77,954.57,983.21,,,,,
P0077,877.29,903.61,930.72,958.64,987.4,1017.02,,,,,
P0078,396.14,408.03,420.27,432.88,445.86,459.24,,,,,
P0079,592.41,610.19,628.49,647.35,666.77,686.77,,,,,
P0080,425.01,437.76,450.89,464.42,478.35,492.7,,,,,
P0081,940.66,968.88,997.94,1027.88,1058.72,1090.48,,,,,
P0082,775.17,798.43,822.38,847.05,872.47,898.64,,,,,
P0083,573.39,590.6,608.31,626.56,645.36,664.72,,,,,
P0084,388.91,400.57,412.59,424.97,437.72,450.85,,,,,
P0085,559.65,576.44,593.73,611.55,629.89,648.79,,,,,
P0086,569.45,586.53,604.13,622.25,640.92,660.15,,,,,
P0087,848.53,873.99,900.21,927.21,955.03,983.68,,,,,
P0088,785.02,808.57,832.82,857.81,883.54,910.05,,,,,
P0089,957.3,986.02,1015.6,1046.06,1077.45,1109.77,,,,,
P0090,670.91,691.04,711.77,733.12,755.12,777.77,,,,,
P0091,427.58,440.41,453.62,467.23,481.24,495.68,,,,,
P0092,837.25,862.37,888.24,914.88,942.33,970.6,,,,,
P0093,870.05,896.15,923.04,950.73,979.25,1008.63,,,,,
P0094,732.37,754.34,776.97,800.28,824.29,849.02,,,,,
P0095,877.07,903.39,930.49,958.4,987.16,1016.77,,,,,
P0096,685.81,706.38,727.57,749.4,771.88,795.04,,,,,
P0097,705.78,726.95,748.76,771.22,794.36,818.19,,,,,
P0098,640.08,659.28,679.06,699.43,720.42,742.03,,,,,
P0099,362.59,373.47,384.67,396.21,408.1,420.34,,,,,
P0100,419.5,432.08,445.04,458.39,472.15,486.31,,,,,
P0101,366.73,377.73,389.06,400.74,412.76,425.14,,,,,
P0102,784.22,807.75,831.98,856.94,882.65,909.13,,,,,
P0103,561.97,578.83,596.2,614.08,632.5,651.48,,,,,
P0104,696,716.88,738.39,760.54,783.36,806.86,,,,,
P0105,971.34,1000.48,1030.5,1061.41,1093.25,1126.05,,,,,
P0106,517.07,532.59,548.56,565.02,581.97,599.43,,,,,
P0107,628.25,647.09,666.51,686.5,707.1,728.31,,,,,
P0108,866.44,892.43,919.2,946.78,975.18,1004.44,,,,,
P0109,502.94,518.02,533.56,549.57,566.06,583.04,,,,,
P0110,398.16,410.11,422.41,435.08,448.14,461.58,,,,,
P0111,545,561.35,578.19,595.53,613.4,631.8,,,,,
P0112,456.3,469.99,484.09,498.61,513.57,528.98,,,,,
P0113,986.62,1016.22,1046.7,1078.1,1110.45,1143.76,,,,,
P0114,902.72,929.8,957.7,986.43,1016.02,1046.5,,,,,
P0115,782.14,805.61,829.78,854.67,880.31,906.72,,,,,
P0116,946.43,974.82,1004.07,1034.19,1065.21,1097.17,,,,,
P0117,899.65,926.64,954.44,983.07,1012.56,1042.94,,,,,
P0118,473.8,488.01,502.65,517.73,533.26,549.26,,,,,
P0119,960.99,989.82,1019.51,1050.1,1081.6,1114.05,,,,,
P0120,717.23,738.75,760.91,783.74,807.25,831.47,,,,,
P0121,902.25,929.31,957.19,985.91,1015.49,1045.95,,,,,
P0122,963.42,992.32,1022.09,1052.76,1084.34,1116.87,,,,,
P0123,564.49,581.43,598.87,616.83,635.34,654.4,,,,,
P0124,420.99,433.62,446.63,460.02,473.83,488.04,,,,,
P0125,502.34,517.41,532.93,548.92,565.39,582.35,,,,,
P0126,639.79,658.98,678.75,699.11,720.09,741.69,,,,,
P0127,909.54,936.83,964.93,993.88,1023.7,1054.41,,,,,
P0128,939.02,967.19,996.2,1026.09,1056.87,1088.58,,,,,
P0129,349.84,360.33,371.14,382.28,393.75,405.56,,,,,
P0130,697.51,718.43,739.98,762.18,785.05,808.6,,,,,
P0131,633.09,652.09,671.65,691.8,712.55,733.93,,,,,
P0132,498.32,513.27,528.67,544.53,560.86,577.69,,,,,
P0133,427.76,440.59,453.81,467.42,481.45,495.89,,,,,
P0134,578.03,595.37,613.23,631.62,650.57,670.09,,,,,
P0135,995.74,1025.61,1056.38,1088.07,1120.71,1154.33,,,,,
P0136,568.08,585.12,602.68,620.76,639.38,658.56,,,,,
P0137,703.05,724.14,745.87,768.24,791.29,815.03,,,,,
P0138,830.19,855.1,880.75,907.17,934.39,962.42,,,,,
P0139,595.98,613.86,632.27,651.24,670.78,690.9,,,,,
P0140,1015.66,1046.13,1077.52,1109.84,1143.14,1177.43,,,,,
P0141,1009.22,1039.49,1070.68,1102.8,1135.88,1169.96,,,,,
P0142,518.8,534.36,550.39,566.91,583.91,601.43,,,,,
P0143,688.19,708.83,730.1,752,774.56,797.8,,,,,
P0144,552.67,569.25,586.33,603.92,622.04,640.7,,,,,
P0145,541.61,557.85,574.59,591.83,609.58,627.87,,,,,
P0146,370.5,381.61,393.06,404.85,417,429.51,,,,,
P0147,765.69,788.67,812.33,836.7,861.8,887.65,,,,,
P0148,691.93,712.69,734.07,756.09,778.78,802.14,,,,,
P0149,380.57,391.98,403.74,415.85,428.33,441.18,,,,,
P0150,537.34,553.46,570.06,587.16,604.78,622.92,,,,,
P0151,971.82,1000.98,1031.01,1061.94,1093.8,1126.61,,,,,
P0152,510.36,525.67,541.44,557.69,574.42,591.65,,,,,
P0153,445.04,458.39,472.14,486.3,500.89,515.92,,,,,
P0154,682.81,703.29,724.39,746.12,768.5,791.56,,,,,
P0155,1025.23,1055.98,1087.66,1120.29,1153.9,1188.52,,,,,
P0156,512.08,527.44,543.26,559.56,576.35,593.64,,,,,
P0157,808.88,833.14,858.14,883.88,910.4,937.71,,,,,
P0158,870.63,896.75,923.65,951.36,979.9,1009.3,,,,,
P0159,509.03,524.31,540.03,556.24,572.92,590.11,,,,,
P0160,847.57,873,899.19,926.17,953.95,982.57,,,,,
P0161,598.85,616.81,635.32,654.38,674.01,694.23,,,,,
P0162,781.39,804.83,828.97,853.84,879.46,905.84,,,,,
P0163,782.23,805.7,829.87,854.76,880.41,906.82,,,,,
P0164,714.77,736.22,758.3,781.05,804.49,828.62,,,,,
P0165,407.35,419.57,432.16,445.12,458.48,472.23,,,,,
P0166,921.47,949.12,977.59,1006.92,1037.13,1068.24,,,,,
P0167,566.41,583.4,600.9,618.93,637.5,656.62,,,,,
P0168,473.75,487.97,502.6,517.68,533.21,549.21,,,,,
P0169,373.18,384.38,395.91,407.79,420.02,432.62,,,,,
P0170,752.81,775.39,798.65,822.61,847.29,872.71,,,,,
P0171,812.62,837,862.11,887.97,914.61,942.05,,,,,
P0172,356.49,367.19,378.2,389.55,401.23,413.27,,,,,
P0173,698.43,719.38,740.96,763.19,786.09,809.67,,,,,
P0174,501.35,516.39,531.88,547.84,564.27,581.2,,,,,
P0175,790.27,813.98,838.4,863.55,889.46,916.14,,,,,
P0176,465.37,479.33,493.71,508.52,523.78,539.49,,,,,
P0177,821.85,846.51,871.9,898.06,925,952.75,,,,,
P0178,611.93,630.28,649.19,668.67,688.73,709.39,,,,,
P0179,991.47,1021.21,1051.85,1083.4,1115.9,1149.38,,,,,
P0180,439.95,453.15,466.74,480.74,495.17,510.02,,,,,
P0181,580.41,597.82,615.75,634.23,653.25,672.85,,,,,
P0182,423.35,436.05,449.13,462.61,476.49,490.78,,,,,
P0183,983.16,1012.65,1043.03,1074.32,1106.55,1139.75,,,,,
P0184,950.48,979,1008.37,1038.62,1069.78,1101.87,,,,,
P0185,523.04,538.73,554.9,571.54,588.69,606.35,,,,,
P0186,800.49,824.51,849.24,874.72,900.96,927.99,,,,,
P0187,909,936.27,964.36,993.29,1023.09,1053.78,,,,,
P0188,728.18,750.03,772.53,795.7,819.57,844.16,,,,,
P0189,710.55,731.86,753.82,776.44,799.73,823.72,,,,,
P0190,511.94,527.3,543.12,559.41,576.19,593.48,,,,,
P0191,409.29,421.57,434.22,447.24,460.66,474.48,,,,,
P0192,964.2,993.12,1022.92,1053.61,1085.21,1117.77,,,,,
P0193,966.41,995.4,1025.26,1056.02,1087.7,1120.33,,,,,
P0194,781.94,805.4,829.56,854.44,880.08,906.48,,,,,
P0195,579,596.37,614.26,632.69,651.67,671.22,,,,,
P0196,586.03,603.61,621.72,640.37,659.58,679.37,,,,,
P0197,846.01,871.39,897.53,924.46,952.19,980.76,,,,,
P0198,964.13,993.05,1022.84,1053.53,1085.14,1117.69,,,,,
P0199,957.21,985.93,1015.51,1045.97,1077.35,1109.67,,,,,
P0200,883.23,909.72,937.01,965.12,994.08,1023.9,,,,,
P0201,788.11,811.75,836.1,861.18,887.02,913.63,,,,,
P0202,403.11,415.2,427.65,440.48,453.7,467.31,,,,,
P0203,456.58,470.28,484.38,498.92,513.88,529.3,,,,,
P0204,965.12,994.07,1023.9,1054.61,1086.25,1118.84,,,,,
P0205,763.53,786.44,810.03,834.33,859.36,885.14,,,,,
P0206,351.39,361.93,372.79,383.98,395.5,407.36,,,,,
P0207,415.07,427.52,440.35,453.56,467.17,481.18,,,,,
P0208,802.92,827,851.81,877.37,903.69,930.8,,,,,
P0209,348.54,358.99,369.76,380.86,392.28,404.05,,,,,
P0210,456.02,469.7,483.79,498.3,513.25,528.65,,,,,
P0211,723.72,745.43,767.79,790.83,814.55,838.99,,,,,
P0212,822.51,847.19,872.61,898.78,925.75,953.52,,,,,
P0213,794.95,818.8,843.37,868.67,894.73,921.57,,,,,
P0214,499.81,514.81,530.25,546.16,562.54,579.42,,,,,
P0215,836.51,861.6,887.45,914.07,941.5,969.74,,,,,
P0216,508.77,524.03,539.75,555.94,572.62,589.8,,,,,
P0217,569.6,586.69,604.29,622.41,641.09,660.32,,,,,
P0218,860.18,885.99,912.57,939.95,968.15,997.19,,,,,
P0219,793.35,817.15,841.66,866.91,892.92,919.71,,,,,
P0220,931.08,959.02,987.79,1017.42,1047.94,1079.38,,,,,
P0221,798.85,822.82,847.5,872.93,899.12,926.09,,,,,
P0222,737.23,759.35,782.13,805.59,829.76,854.65,,,,,
P0223,409.69,421.98,434.64,447.68,461.11,474.94,,,,,
P0224,598.8,616.76,635.26,654.32,673.95,694.17,,,,,
P0225,528.05,543.9,560.21,577.02,594.33,612.16,,,,,
P0226,513.42,528.82,544.68,561.02,577.85,595.19,,,,,
P0227,1016.51,1047,1078.41,1110.76,1144.09,1178.41,,,,,
P0228,616.32,634.81,653.85,673.47,693.67,714.48,,,,,
P0229,960.64,989.45,1019.14,1049.71,1081.2,1113.64,,,,,
P0230,780.58,804,828.12,852.96,878.55,904.91,,,,,
P0231,893.53,920.34,947.95,976.39,1005.68,1035.85,,,,,
P0232,691.91,712.66,734.04,756.07,778.75,802.11,,,,,
P0233,743.15,765.45,788.41,812.07,836.43,861.52,,,,,
P0234,684.92,705.47,726.63,748.43,770.88,794.01,,,,,
P0235,479.77,494.17,508.99,524.26,539.99,556.19,,,,,
P0236,843.6,868.9,894.97,921.82,949.48,977.96,,,,,
P0237,538.8,554.97,571.62,588.76,606.43,624.62,,,,,
P0238,361.82,372.68,383.86,395.37,407.23,419.45,,,,,
P0239,790.48,814.19,838.62,863.78,889.69,916.38,,,,,
P0240,467.27,481.28,495.72,510.59,525.91,541.69,,,,,
P0241,994.04,1023.87,1054.58,1086.22,1118.81,1152.37,,,,,
P0242,1003.33,1033.43,1064.44,1096.37,1129.26,1163.14,,,,,
P0243,976.38,1005.67,1035.84,1066.91,1098.92,1131.89,,,,,
P0244,600.49,618.5,637.06,656.17,675.85,696.13,,,,,
P0245,355.71,366.39,377.38,388.7,400.36,412.37,,,,,
P0246,985.66,1015.23,1045.69,1077.06,1109.37,1142.65,,,,,
P0247,640.53,659.75,679.54,699.92,720.92,742.55,,,,,
P0248,1012.12,1042.48,1073.75,1105.97,1139.15,1173.32,,,,,
P0249,1010.03,1040.33,1071.54,1103.69,1136.8,1170.9,,,,,
P0250,933.7,961.71,990.56,1020.28,1050.88,1082.41,,,,,
P0251,548.24,564.69,581.63,599.08,617.05,635.56,,,,,
P0252,610.8,629.12,647.99,667.43,687.46,708.08,,,,,
P0253,932.4,960.37,989.19,1018.86,1049.43,1080.91,,,,,
P0254,563.75,580.66,598.08,616.02,634.5,653.54,,,,,
P0255,462,475.86,490.14,504.84,519.99,535.59,,,,,
P0256,729.28,751.16,773.7,796.91,820.82,845.44,,,,,
P0257,991.07,1020.8,1051.42,1082.97,1115.46,1148.92,,,,,
P0258,825.36,850.12,875.63,901.89,928.95,956.82,,,,,
P0259,738.44,760.59,783.41,806.91,831.12,856.05,,,,,
P0260,412.1,424.47,437.2,450.32,463.83,477.74,,,,,
P0261,769.46,792.54,816.32,840.8,866.03,892.01,,,,,
P0262,1028.26,1059.11,1090.89,1123.61,1157.32,1192.04,,,,,
P0263,441.72,454.97,468.62,482.68,497.16,512.07,,,,,
P0264,702.73,723.81,745.53,767.9,790.93,814.66,,,,,
P0265,950.51,979.02,1008.39,1038.65,1069.81,1101.9,,,,,
P0266,856.23,881.92,908.38,935.63,963.7,992.61,,,,,
P0267,826.04,850.82,876.35,902.64,929.72,957.61,,,,,
P0268,829.82,854.72,880.36,906.77,933.97,961.99,,,,,
P0269,593.12,610.91,629.24,648.12,667.56,687.59,,,,,
P0270,547.64,564.07,581,598.43,616.38,634.87,,,,,
P0271,903.57,930.68,958.6,987.36,1016.98,1047.49,,,,,
P0272,904.09,931.21,959.15,987.93,1017.56,1048.09,,,,,
P0273,943.4,971.7,1000.85,1030.88,1061.81,1093.66,,,,,
P0274,975.26,1004.51,1034.65,1065.69,1097.66,1130.59,,,,,
P0275,697.91,718.85,740.41,762.63,785.5,809.07,,,,,
P0276,691.13,711.86,733.22,755.22,777.87,801.21,,,,,
P0277,895.94,922.82,950.5,979.02,1008.39,1038.64,,,,,
P0278,793.57,817.38,841.9,867.16,893.17,919.97,,,,,
P0279,829.46,854.34,879.97,906.37,933.56,961.57,,,,,
P0280,894.21,921.03,948.66,977.12,1006.44,1036.63,,,,,
P0281,959.22,988,1017.64,1048.17,1079.61,1112,,,,,
P0282,578.29,595.64,613.51,631.92,650.87,670.4,,,,,
P0283,604.23,622.36,641.03,660.26,680.07,700.47,,,,,
P0284,409.9,422.2,434.87,447.91,461.35,475.19,,,,,
P0285,744.1,766.43,789.42,813.1,837.5,862.62,,,,,
P0286,369.84,380.94,392.37,404.14,416.26,428.75,,,,,
P0287,666.35,686.34,706.93,728.14,749.98,772.48,,,,,
P0288,719.52,741.1,763.34,786.24,809.83,834.12,,,,,
P0289,542.78,559.06,575.83,593.11,610.9,629.23,,,,,
P0290,752.77,775.36,798.62,822.58,847.25,872.67,,,,,
P0291,366.09,377.07,388.39,400.04,412.04,424.4,,,,,
P0292,370.82,381.94,393.4,405.2,417.36,429.88,,,,,
P0293,912.71,940.09,968.29,997.34,1027.26,1058.08,,,,,
P0294,593.6,611.41,629.75,648.65,668.11,688.15,,,,,
P0295,432.73,445.71,459.08,472.85,487.04,501.65,,,,,
P0296,705.43,726.6,748.39,770.85,793.97,817.79,,,,,
P0297,876.4,902.69,929.77,957.67,986.4,1015.99,,,,,
P0298,493.98,508.8,524.07,539.79,555.98,572.66,,,,,
P0299,774.89,798.14,822.08,846.74,872.15,898.31,,,,,
P0300,403.94,416.06,428.54,441.4,454.64,468.28,,,,,
P0301,380.71,392.13,403.9,416.01,428.5,441.35,,,,,
P0302,711.72,733.07,755.07,777.72,801.05,825.08,,,,,
P0303,718.13,739.67,761.86,784.72,808.26,832.51,,,,,
P0304,784.92,808.47,832.72,857.71,883.44,909.94,,,,,
P0305,846.11,871.49,897.63,924.56,952.3,980.87,,,,,
P0306,1018.46,1049.02,1080.49,1112.9,1146.29,1180.68,,,,,
P0307,701.34,722.38,744.05,766.37,789.36,813.04,,,,,
P0308,567.92,584.95,602.5,620.58,639.19,658.37,,,,,
P0309,893.79,920.61,948.22,976.67,1005.97,1036.15,,,,,
P0310,531.94,547.9,564.34,581.27,598.71,616.67,,,,,
P0311,647.97,667.41,687.44,708.06,729.3,751.18,,,,,
P0312,399.19,411.17,423.5,436.21,449.29,462.77,,,,,
P0313,362.54,373.41,384.62,396.15,408.04,420.28,,,,,
P0314,1009.36,1039.64,1070.83,1102.95,1136.04,1170.12,,,,,
P0315,921.94,949.6,978.09,1007.43,1037.65,1068.78,,,,,
P0316,825.33,850.09,875.59,901.86,928.91,956.78,,,,,
P0317,627.25,646.07,665.45,685.42,705.98,727.16,,,,,
P0318,464.64,478.57,492.93,507.72,522.95,538.64,,,,,
P0319,453,466.59,480.59,495,509.85,525.15,,,,,
P0320,517.73,533.26,549.26,565.74,582.71,600.19,,,,,
P0321,724.06,745.78,768.15,791.2,814.93,839.38,,,,,
P0322,838.18,863.33,889.22,915.9,943.38,971.68,,,,,
P0323,800.64,824.66,849.4,874.88,901.13,928.16,,,,,
P0324,538.22,554.37,571,588.13,605.78,623.95,,,,,
P0325,1003.98,1034.1,1065.12,1097.08,1129.99,1163.89,,,,,
P0326,854.26,879.89,906.28,933.47,961.48,990.32,,,,,
P0327,727.59,749.42,771.9,795.06,818.91,843.48,,,,,
P0328,767.19,790.2,813.91,838.33,863.48,889.38,,,,,
P0329,634.6,653.64,673.25,693.45,714.25,735.68,,,,,
P0330,516,531.48,547.42,563.84,580.76,598.18,,,,,
P0331,590.7,608.42,626.67,645.47,664.83,684.78,,,,,
P0332,868.03,894.07,920.89,948.52,976.97,1006.28,,,,,
P0333,354.97,365.62,376.59,387.89,399.52,411.51,,,,,
P0334,425.15,437.9,451.04,464.57,478.5,492.86,,,,,
P0335,376.79,388.09,399.73,411.73,424.08,436.8,,,,,
P0336,373.15,384.34,395.87,407.75,419.98,432.58,,,,,
P0337,935.39,963.45,992.35,1022.12,1052.79,1084.37,,,,,
P0338,830.63,855.55,881.22,907.65,934.88,962.93,,,,,
P0339,672.27,692.43,713.21,734.6,756.64,779.34,,,,,
P0340,412.56,424.94,437.68,450.82,464.34,478.27,,,,,
P0341,684.3,704.83,725.97,747.75,770.18,793.29,,,,,
P0342,671.78,691.94,712.69,734.07,756.1,778.78,,,,,
P0343,464.57,478.5,492.86,507.64,522.87,538.56,,,,,
P0344,644.44,663.77,683.68,704.19,725.32,747.08,,,,,
P0345,620.04,638.64,657.8,677.54,697.86,718.8,,,,,
P0346,770.03,793.13,816.93,841.44,866.68,892.68,,,,,
P0347,783.31,806.81,831.01,855.94,881.62,908.07,,,,,
P0348,376.3,387.59,399.22,411.2,423.53,436.24,,,,,
P0349,603.56,621.67,640.32,659.52,679.31,699.69,,,,,
P0350,776.94,800.25,824.26,848.99,874.46,900.69,,,,,
P0351,692.25,713.02,734.41,756.44,779.14,802.51,,,,,
P0352,936.09,964.18,993.1,1022.9,1053.58,1085.19,,,,,
P0353,799.6,823.58,848.29,873.74,899.95,926.95,,,,,
P0354,457.48,471.21,485.35,499.91,514.9,530.35,,,,,
P0355,393.74,405.55,417.72,430.25,443.16,456.45,,,,,
P0356,788.37,812.02,836.38,861.48,887.32,913.94,,,,,
P0357,363.34,374.24,385.47,397.03,408.94,421.21,,,,,
P0358,749.28,771.76,794.91,818.76,843.32,868.62,,,,,
P0359,993.88,1023.7,1054.41,1086.04,1118.62,1152.18,,,,,
P0360,742.17,764.44,787.37,810.99,835.32,860.38,,,,,
P0361,612.92,631.31,650.24,669.75,689.84,710.54,,,,,
P0362,788.97,812.64,837.02,862.13,887.99,914.63,,,,,
P0363,661.28,681.11,701.55,722.59,744.27,766.6,,,,,
P0364,721.56,743.21,765.51,788.47,812.13,836.49,,,,,
P0365,994.73,1024.58,1055.31,1086.97,1119.58,1153.17,,,,,
P0366,611.49,629.83,648.73,668.19,688.23,708.88,,,,,
P0367,1008.35,1038.6,1069.75,1101.85,1134.9,1168.95,,,,,
P0368,969.81,998.91,1028.88,1059.74,1091.53,1124.28,,,,,
P0369,480.15,494.56,509.4,524.68,540.42,556.63,,,,,
P0370,392.91,404.7,416.84,429.34,442.22,455.49,,,,,
P0371,414.59,427.02,439.84,453.03,466.62,480.62,,,,,
P0372,357.62,368.35,379.4,390.78,402.5,414.58,,,,,
P0373,410.21,422.52,435.2,448.25,461.7,475.55,,,,,
P0374,816.38,840.87,866.1,892.08,918.84,946.41,,,,,
P0375,394.17,405.99,418.17,430.72,443.64,456.95,,,,,
P0376,565.16,582.12,599.58,617.57,636.1,655.18,,,,,
P0377,928.08,955.92,984.6,1014.14,1044.56,1075.9,,,,,
P0378,361.11,371.94,383.1,394.59,406.43,418.62,,,,,
P0379,907.09,934.31,962.34,991.21,1020.94,1051.57,,,,,
P0380,539.54,555.73,572.4,589.57,607.26,625.48,,,,,
P0381,426.59,439.38,452.57,466.14,480.13,494.53,,,,,
P0382,825.85,850.63,876.15,902.43,929.5,957.39,,,,,
P0383,779.07,802.44,826.51,851.31,876.84,903.15,,,,,
P0384,950.58,979.09,1008.47,1038.72,1069.88,1101.98,,,,,
P0385,852.31,877.88,904.21,931.34,959.28,988.06,,,,,
P0386,899.51,926.5,954.29,982.92,1012.41,1042.78,,,,,
P0387,539.67,555.86,572.54,589.72,607.41,625.63,,,,,
P0388,467.49,481.52,495.96,510.84,526.17,541.95,,,,,
P0389,863.03,888.92,915.59,943.06,971.35,1000.49,,,,,
P0390,901.83,928.89,956.75,985.46,1015.02,1045.47,,,,,
P0391,1028.57,1059.43,1091.21,1123.95,1157.67,1192.4,,,,,
P0392,629.78,648.68,668.14,688.18,708.83,730.09,,,,,
P0393,601.76,619.82,638.41,657.56,677.29,697.61,,,,,
P0394,880.84,907.26,934.48,962.51,991.39,1021.13,,,,,
P0395,580.23,597.63,615.56,634.03,653.05,672.64,,,,,
P0396,987.35,1016.97,1047.48,1078.9,1111.27,1144.61,,,,,
P0397,937.42,965.55,994.51,1024.35,1055.08,1086.73,,,,,
P0398,641.09,660.32,680.13,700.54,721.55,743.2,,,,,
P0399,863.21,889.11,915.78,943.26,971.55,1000.7,,,,,
P0400,865.74,891.71,918.46,946.02,974.4,1003.63,,,,,
P0401,416.21,428.7,441.56,454.8,468.45,482.5,,,,,
P0402,967.88,996.92,1026.83,1057.63,1089.36,1122.04,,,,,
P0403,693.71,714.52,735.96,758.04,780.78,804.2,,,,,
P0404,915.37,942.84,971.12,1000.25,1030.26,1061.17,,,,,
P0405,565.91,582.88,600.37,618.38,636.93,656.04,,,,,
P0406,963.03,991.92,1021.68,1052.33,1083.9,1116.42,,,,,
P0407,613.63,632.03,651,670.53,690.64,711.36,,,,,
P0408,352.52,363.1,373.99,385.21,396.77,408.67,,,,,
P0409,969.84,998.93,1028.9,1059.77,1091.56,1124.31,,,,,
P0410,408.04,420.28,432.89,445.88,459.25,473.03,,,,,
P0411,565.4,582.36,599.83,617.82,636.36,655.45,,,,,
P0412,1000.67,1030.69,1061.61,1093.46,1126.26,1160.05,,,,,
P0413,1001.05,1031.08,1062.01,1093.87,1126.69,1160.49,,,,,
P0414,740.77,762.99,785.88,809.45,833.74,858.75,,,,,
P0415,781.07,804.5,828.63,853.49,879.1,905.47,,,,,
P0416,654.51,674.15,694.37,715.2,736.66,758.76,,,,,
P0417,547.39,563.81,580.72,598.14,616.09,634.57,,,,,
P0418,571.85,589,606.67,624.88,643.62,662.93,,,,,
P0419,809.14,833.41,858.41,884.16,910.69,938.01,,,,,
P0420,864.25,890.18,916.88,944.39,972.72,1001.9,,,,,
P0421,891.3,918.04,945.58,973.95,1003.17,1033.26,,,,,
P0422,889.94,916.64,944.14,972.47,1001.64,1031.69,,,,,
P0423,407.98,420.22,432.83,445.81,459.18,472.96,,,,,
P0424,686.24,706.83,728.03,749.87,772.37,795.54,,,,,
P0425,384.77,396.31,408.2,420.44,433.06,446.05,,,,,
P0426,724.26,745.99,768.37,791.42,815.17,839.62,,,,,
P0427,649.73,669.23,689.3,709.98,731.28,753.22,,,,,
P0428,957.63,986.36,1015.95,1046.43,1077.83,1110.16,,,,,
P0429,587.2,604.82,622.96,641.65,660.9,680.73,,,,,
P0430,425.83,438.6,451.76,465.31,479.27,493.65,,,,,
P0431,443.72,457.03,470.74,484.86,499.41,514.39,,,,,
P0432,870.55,896.67,923.57,951.28,979.82,1009.21,,,,,
P0433,771.66,794.81,818.66,843.22,868.51,894.57,,,,,
P0434,414.83,427.27,440.09,453.29,466.89,480.9,,,,,
P0435,403.09,415.18,427.64,440.47,453.68,467.29,,,,,
P0436,828.78,853.64,879.25,905.63,932.8,960.78,,,,,
P0437,395.26,407.11,419.33,431.91,444.86,458.21,,,,,
P0438,912.2,939.57,967.75,996.79,1026.69,1057.49,,,,,
P0439,832.41,857.38,883.1,909.6,936.88,964.99,,,,,
P0440,401.18,413.22,425.61,438.38,451.53,465.08,,,,,
P0441,403.59,415.7,428.17,441.01,454.24,467.87,,,,,
P0442,1025.91,1056.69,1088.39,1121.04,1154.67,1189.31,,,,,
P0443,603.33,621.43,640.07,659.27,679.05,699.42,,,,,
P0444,600.82,618.84,637.41,656.53,676.22,696.51,,,,,
P0445,905.95,933.12,961.12,989.95,1019.65,1050.24,,,,,
P0446,998.73,1028.69,1059.55,1091.34,1124.08,1157.8,,,,,
P0447,1025.47,1056.23,1087.92,1120.56,1154.17,1188.8,,,,,
P0448,864.94,890.89,917.61,945.14,973.5,1002.7,,,,,
P0449,604.7,622.84,641.52,660.77,680.59,701.01,,,,,
P0450,402.67,414.75,427.19,440,453.2,466.8,,,,,
P0451,881.34,907.78,935.02,963.07,991.96,1021.72,,,,,
P0452,730.39,752.3,774.87,798.11,822.06,846.72,,,,,
P0453,637.8,656.93,676.64,696.94,717.84,739.38,,,,,
P0454,970.5,999.62,1029.61,1060.5,1092.31,1125.08,,,,,
P0455,421.78,434.43,447.47,460.89,474.72,488.96,,,,,
P0456,685,705.55,726.71,748.52,770.97,794.1,,,,,
P0457,352.88,363.46,374.37,385.6,397.17,409.08,,,,,
P0458,668.46,688.52,709.17,730.45,752.36,774.93,,,,,
P0459,383.9,395.41,407.27,419.49,432.08,445.04,,,,,
P0460,427.03,439.85,453.04,466.63,480.63,495.05,,,,,
P0461,426.15,438.93,452.1,465.66,479.63,494.02,,,,,
P0462,793.06,816.85,841.35,866.59,892.59,919.37,,,,,
P0463,859.88,885.68,912.25,939.62,967.81,996.84,,,,,
P0464,747.62,770.05,793.15,816.95,841.46,866.7,,,,,
P0465,1009.03,1039.3,1070.48,1102.59,1135.67,1169.74,,,,,
P0466,603.74,621.85,640.51,659.72,679.51,699.9,,,,,
P0467,542.21,558.48,575.23,592.49,610.26,628.57,,,,,
P0468,944.45,972.79,1001.97,1032.03,1062.99,1094.88,,,,,
P0469,499.35,514.33,529.76,545.65,562.02,578.88,,,,,
P0470,1009.75,1040.05,1071.25,1103.38,1136.49,1170.58,,,,,
P0471,353.43,364.03,374.95,386.2,397.79,409.72,,,,,
P0472,1014.34,1044.77,1076.12,1108.4,1141.65,1175.9,,,,,
P0473,374.83,386.07,397.66,409.59,421.87,434.53,,,,,
P0474,960.01,988.81,1018.47,1049.02,1080.5,1112.91,,,,,
P0475,709.2,730.48,752.39,774.96,798.21,822.16,,,,,
P0476,1030.27,1061.18,1093.02,1125.81,1159.58,1194.37,,,,,
P0477,395.97,407.85,420.09,432.69,445.67,459.04,,,,,
P0478,727.25,749.07,771.54,794.68,818.52,843.08,,,,,
P0479,1013.94,1044.36,1075.69,1107.96,1141.2,1175.44,,,,,
P0480,706.03,727.21,749.03,771.5,794.64,818.48,,,,,
P0481,779.38,802.77,826.85,851.65,877.2,903.52,,,,,
P0482,825.17,849.93,875.42,901.69,928.74,956.6,,,,,
P0483,658.71,678.48,698.83,719.79,741.39,763.63,,,,,
P0484,778.12,801.46,825.5,850.27,875.78,902.05,,,,,
P0485,748.27,770.72,793.84,817.65,842.18,867.45,,,,,
P0486,966.92,995.93,1025.81,1056.58,1088.28,1120.93,,,,,
P0487,376.41,387.7,399.33,411.31,423.65,436.36,,,,,
P0488,538.93,555.1,571.75,588.91,606.57,624.77,,,,,
P0489,1000.91,1030.94,1061.87,1093.72,1126.53,1160.33,,,,,
P0490,959.4,988.18,1017.83,1048.36,1079.82,1112.21,,,,,
P0491,659.49,679.28,699.65,720.64,742.26,764.53,,,,,
P0492,772.99,796.18,820.07,844.67,870.01,896.11,,,,,
P0493,536.46,552.55,569.13,586.2,603.79,621.9,,,,,
P0494,474.87,489.11,503.79,518.9,534.47,550.5,,,,,
P0495,665.04,684.99,705.54,726.7,748.5,770.96,,,,,
P0496,588.89,606.55,624.75,643.49,662.8,682.68,,,,,
P0497,747.81,770.25,793.35,817.16,841.67,866.92,,,,,
P0498,398.69,410.65,422.97,435.66,448.73,462.19,,,,,
P0499,1017.46,1047.99,1079.43,1111.81,1145.17,1179.52,,,,,
P0500,1025.62,1056.38,1088.08,1120.72,1154.34,1188.97,,,,,
